Fecha,TAI,IEXPG,IMMN,IE,ICOI,IEA,IFVGO,IIB,IIT
01/01/93,63.30771916,137.5194532,51.03042187,70.8229773,47.89735097,98.44029121,40.96350468,38.1582745,93.4533863
01/02/93,64.88902507,124.3481154,50.89369755,81.52705084,43.25016942,106.4004361,43.08890545,34.60358568,121.3883418
01/03/93,68.07037808,138.9701752,58.16982634,79.12821792,52.8837131,114.1147663,49.86178356,39.70078723,116.6852457
01/04/93,64.5245124,136.1925405,52.22481876,72.3874785,43.42449769,107.458796,43.62013663,40.91328345,77.30723591
01/05/93,64.38270275,141.0746063,51.39582953,70.53998515,47.22488361,91.68986322,25.88839747,42.68144005,129.5201176
01/06/93,62.47108224,136.5526837,48.68173896,68.29112954,50.33747211,40.06548329,31.6875915,42.31510176,65.79891916
01/07/93,64.79189542,139.3010121,53.14738187,69.72744999,56.99825529,29.45804374,37.24141289,41.0840158,77.17932355
01/08/93,66.30180524,138.9443125,53.56831155,79.6852827,54.1121943,29.04408521,48.82304578,41.36788592,48.77528774
01/09/93,67.70375632,136.7422783,51.06552801,80.52231164,64.86203989,31.29023523,39.74159039,38.60167982,61.56692113
01/10/93,66.40548166,142.3344082,55.971487,75.87590898,75.67749232,36.93897821,35.88714497,40.42334101,68.43402274
01/11/93,65.32330562,137.6778271,54.3839178,72.18139066,85.63309671,36.34406444,36.32476017,39.46237724,104.4533361
01/12/93,67.82875969,142.6491227,53.49281481,80.07180723,85.91396818,65.97218666,28.06527788,39.0233576,233.8993845
01/01/94,67.23357862,143.0079483,53.05410676,76.02154912,78.53085936,89.39076483,36.19611955,37.35266084,103.386264
01/02/94,66.03085055,127.7373532,48.41031025,87.77940408,69.51967285,95.81032908,37.53999797,35.57826524,90.02229421
01/03/94,68.83954909,140.2651146,56.11075433,84.43442086,90.14648374,108.9375604,40.875518,42.11925348,88.71537683
01/04/94,70.59850615,135.9671198,53.44311897,82.37108651,86.79912537,102.9335336,40.98105683,43.02195892,85.68394713
01/05/94,67.49214842,139.9648641,57.59186041,76.82560028,84.48449562,70.81081273,35.41959508,45.11789039,100.1050686
01/06/94,66.12640784,134.7477505,51.10659916,74.0582365,96.74066101,35.33161586,37.74225121,44.66434938,106.2092005
01/07/94,66.97061704,138.773367,54.91007638,74.98537092,104.7480609,30.50033289,43.45120168,44.37404389,108.6754845
01/08/94,70.29292701,138.6707633,55.11982721,87.03637372,96.84798969,36.48767157,51.95434433,45.60088262,94.06932085
01/09/94,71.28059976,133.7253087,53.7788983,85.45626075,104.9263032,35.92950857,35.75694408,41.08135707,93.44944665
01/10/94,69.40708851,139.0868473,58.08786443,80.19265544,121.4818698,36.07823667,35.40816628,42.17611734,103.1031551
01/11/94,68.557899,133.8469308,54.26599484,71.85813275,123.0382328,40.66850472,37.92525288,43.12330872,94.27026542
01/12/94,69.02758392,137.6131703,54.88660143,78.02449084,111.9220322,69.74043529,33.57966014,40.88553553,92.92666414
01/01/95,69.40670831,139.8502414,54.53311219,64.96364833,86.06177866,97.64371296,37.33840739,37.99083818,106.1980751
01/02/95,62.31394493,123.7058643,51.38187129,57.94246132,56.79778609,102.9026258,39.48737888,38.53472708,98.51679234
01/03/95,64.03661994,138.6790338,55.37239546,54.56146002,66.17397722,117.8237228,49.21549107,42.10388457,96.87452738
01/04/95,57.77495553,133.5406671,53.36126277,52.02111854,58.69203582,114.9200764,42.54124361,38.97652845,70.55719123
01/05/95,59.05001317,139.3430548,53.8738964,45.43566408,53.02182317,101.6077372,42.49708149,44.76976584,112.0105424
01/06/95,57.85554649,135.9343779,48.85481457,47.96899602,57.14480809,45.4640841,38.82012644,42.1786934,107.5906653
01/07/95,58.99138822,141.073336,51.63004755,49.07202699,61.33647328,28.62885177,38.83103147,41.14638425,111.8604641
01/08/95,61.10640245,141.3866553,55.91402919,58.84849657,56.73884404,29.35701251,48.79352407,42.29017869,112.2012136
01/09/95,62.39741423,138.8290512,52.81162647,62.55913735,60.32685687,36.49991474,39.19792866,38.86683347,90.82196998
01/10/95,59.26436171,100.7325131,57.99258903,58.84021956,68.97460331,35.03305044,36.46981159,41.61737855,101.0677968
01/11/95,62.72963376,130.2187524,59.6628251,58.9109381,74.97947589,41.03552517,37.44179854,41.83475292,92.33964173
01/12/95,66.66733481,145.2387661,55.8264816,70.8197615,84.00640919,66.86748675,30.27217428,40.37683839,98.84084468
01/01/96,66.78701726,149.273723,60.07678328,65.81225998,63.29503784,112.1722897,43.39860953,39.37636826,133.8784585
01/02/96,66.05334129,142.1780233,56.00977106,68.18177509,43.90516539,121.1263178,46.63595266,38.96039077,107.1343961
01/03/96,67.8661083,153.319129,57.45614596,66.36533188,51.0088248,126.5017016,47.61532924,42.45658954,103.3231515
01/04/96,64.75358857,147.9054009,56.65193293,64.67679913,45.27059716,118.2447352,47.6615554,41.70071154,72.81848518
01/05/96,67.47136053,154.4218272,57.41372137,64.5885939,47.08540589,89.21171377,43.93706816,46.27423593,102.7483439
01/06/96,66.10334447,150.0894603,48.75499221,66.19534101,50.91943885,37.0880952,36.87451242,43.81392375,100.6359074
01/07/96,68.4163555,154.1745327,56.76822141,71.25034037,60.77759794,25.85214157,47.75182024,46.28356387,120.6432985
01/08/96,69.224076,150.7381085,55.44147327,79.7880295,53.95733734,31.7472433,49.43223949,46.01898682,106.0385681
01/09/96,69.39103993,148.1012916,56.45963471,79.87413203,56.47489178,38.92319287,40.38428478,41.51295964,80.41793428
01/10/96,71.56722056,153.2352329,58.15428096,78.25735107,63.23801269,38.2879238,41.60657401,44.55384825,108.5549999
01/11/96,70.5101508,148.0110962,58.30060068,71.31353374,67.06194619,42.48785742,41.40168084,43.52129361,107.0980738
01/12/96,72.21329297,154.7659108,56.6875825,82.1067718,73.03604472,80.68803002,34.1722765,43.65779427,108.8707771
01/01/97,71.3471218,158.3788794,55.92479571,71.91556161,54.78869161,112.5576857,41.54369305,41.9551796,112.5818482
01/02/97,70.49526695,144.0562122,57.00811842,76.1541998,42.45351305,120.9653124,48.40436407,40.04071832,95.89077733
01/03/97,70.13381648,159.7138617,57.42594494,69.66325099,48.55718383,113.3660262,44.10354759,43.11698176,81.39465096
01/04/97,73.76592805,152.5458023,62.16749121,76.75480454,45.8230471,116.3193494,52.00042802,45.46443792,91.33838469
01/05/97,73.22651004,160.1243466,63.83083498,74.04342086,50.01687053,91.00122877,49.51409377,45.88862863,101.607643
01/06/97,71.9045238,155.8258252,56.3337511,71.77489196,52.52266913,45.98655847,48.53652408,45.78903572,110.0153104
01/07/97,75.48350613,162.0310092,62.02249712,75.08988039,60.5207419,32.04477867,52.42950626,48.14435049,117.1978602
01/08/97,76.03502032,164.0296204,59.57903784,88.69376327,56.3093698,37.7598506,57.93036721,46.62731519,104.7832817
01/09/97,77.37400845,159.8642992,60.44583873,87.8245895,58.48355227,44.9093677,36.60809604,46.08119807,102.9679129
01/10/97,78.34250313,164.0727956,59.41602098,81.37588308,63.32203847,34.97608698,51.39256066,47.76820415,97.83146879
01/11/97,75.85373743,158.1615661,62.28085272,74.75803712,65.85214796,43.46538135,52.15931601,45.629586,101.5043884
01/12/97,77.33536785,161.733316,58.54282574,81.47717013,65.95727903,86.23106037,53.25009047,44.71717817,99.26839366
01/01/98,78.50560145,164.4699918,59.25606676,76.01259495,50.24817278,113.2761917,50.9202256,43.21779912,122.6053775
01/02/98,78.76601276,151.2377009,57.6232094,86.46836097,39.05035347,120.9694932,47.18465845,40.06352351,102.4073262
01/03/98,81.18478815,168.4749,63.32395662,85.00644849,45.15744021,127.4381721,51.63195898,48.75016203,107.3299595
01/04/98,78.07590605,162.1306528,60.38581605,79.97760986,38.25552975,122.4353857,53.34512062,51.12778797,91.94100927
01/05/98,78.93073663,167.989674,65.07783808,81.1723577,39.91397777,102.8117479,51.90194959,54.27734346,119.476472
01/06/98,76.91548585,157.9216548,58.80968876,77.48597011,42.05120977,57.21917337,48.13867154,54.61755604,115.1040442
01/07/98,80.2581833,166.7685128,61.41698892,83.03301092,48.36668351,29.49608825,55.68095134,55.50557323,118.2418624
01/08/98,80.47092427,163.8249167,63.61023404,94.92877169,43.00998189,31.42242715,65.80195541,50.19924867,110.3968877
01/09/98,82.18142393,151.4179924,63.21868053,99.53704309,47.06288815,41.26916843,49.18883933,46.53130949,108.4693345
01/10/98,80.76696553,150.7120905,62.62323673,89.75674547,51.76942084,39.13078137,55.29099156,50.18335744,118.2638043
01/11/98,77.80084856,164.1076814,54.032826,78.19223805,54.15239271,44.91426679,50.64972584,48.13489983,110.234905
01/12/98,80.02595,167.9892199,58.94031143,88.01045459,56.07784614,81.97792187,54.45055824,48.52939528,103.3263652
01/01/99,80.09230468,172.6320323,54.66725973,85.24991197,49.16493674,108.8539537,55.16336556,44.76433241,102.6796643
01/02/99,79.83346374,150.1754082,54.34127538,92.30074261,38.5851014,123.5794378,62.61159019,42.9403877,98.91835341
01/03/99,82.74194439,168.843458,63.13746995,89.11789358,46.65910243,136.3710778,69.63905825,53.47019322,105.0968005
01/04/99,79.64328556,156.1560094,59.7338645,82.98522735,39.6862921,123.6755269,63.51122602,52.27160908,93.20918191
01/05/99,79.26527034,163.2746675,60.64861487,82.28903788,45.02582185,98.25910774,60.32344543,56.32548023,117.2211185
01/06/99,78.38569156,151.8141693,54.53590536,82.01784908,48.65212794,51.70555178,56.63676055,56.51432166,118.8041932
01/07/99,81.36310572,163.3445159,56.81269311,83.67404446,54.24705263,33.80069298,67.63612985,54.41932162,118.3183893
01/08/99,81.96797842,158.9935155,60.45680077,94.76667295,51.59148669,36.14245827,69.11677707,54.34797175,99.64205381
01/09/99,85.13929284,154.1555244,60.32965124,95.70729051,55.66109801,48.75596143,45.54665087,50.52121929,105.9728196
01/10/99,81.16512359,154.5461154,63.90951292,86.54244395,61.87587627,42.01326742,58.39067381,54.22392375,126.5184283
01/11/99,79.89444133,153.2690489,65.09265212,81.66396816,72.53021254,47.78973656,52.60975644,52.81342942,122.3314066
01/12/99,81.67702427,154.882244,63.75767566,88.2502816,74.92846394,84.19194516,60.52778777,52.02401068,108.5556853
01/01/00,83.23768772,168.3814669,62.54946981,82.92059675,61.97757189,122.4256008,59.4082173,47.45088493,107.0466576
01/02/00,85.26940825,150.2299545,60.83714298,93.31151134,49.89505009,128.1391886,58.28024225,48.22721905,94.92206532
01/03/00,87.5284581,165.1596983,66.57380206,86.75084692,58.93306308,132.3745291,67.31031065,56.08993204,96.27960668
01/04/00,81.82693715,161.0547118,62.55054941,82.47205212,50.63858002,116.5016782,52.57192873,54.96554113,77.19627253
01/05/00,84.79366104,166.8053258,63.20364805,83.25705708,57.97790699,93.65022685,61.79442949,61.98989089,115.4686547
01/06/00,84.29252991,161.806228,61.0060206,80.01413614,60.7619075,47.83181613,58.99119535,55.79026301,102.4741731
01/07/00,87.1549142,156.6675288,61.94712825,82.42770879,68.98131507,34.96356448,71.29918233,56.07744083,125.8777485
01/08/00,88.52950023,171.2706981,63.72002964,95.33986894,64.50864196,42.16229767,75.00034344,57.0511635,120.2364234
01/09/00,89.05999549,166.1718495,62.71810303,92.7318898,65.35059672,47.12213389,55.11534482,53.44793747,98.10687927
01/10/00,85.6114037,155.3037403,63.91601085,83.37368416,69.8310309,44.17094075,63.94604561,54.18932896,110.9336799
01/11/00,82.6176501,155.2529761,63.18200852,76.21324514,74.79798638,52.85207949,63.32987334,53.27836767,108.5581026
01/12/00,80.31514572,164.1516437,61.25396593,81.22864056,67.84731558,64.66185206,55.87222941,50.95576104,100.8936
01/01/01,85.76338337,167.9795127,67.15764571,75.25758246,58.19770693,115.9938083,66.4704018,47.29939283,116.3152017
01/02/01,83.25903831,153.3753079,63.95368815,81.13703057,45.25615978,123.8545214,63.78749978,46.46362761,92.7503163
01/03/01,85.03220521,170.527945,69.00043305,78.49433292,53.59874588,136.0417332,70.48798943,56.98001226,110.6677122
01/04/01,80.11843961,157.2786619,65.46114699,71.80616419,44.78218822,124.3435799,59.54644461,54.23783493,77.40243806
01/05/01,82.62647382,163.4769247,66.58235937,72.90263982,50.706045,112.3767187,60.73320339,60.16188824,114.2724727
01/06/01,81.29621438,163.8876008,63.47186789,71.83229434,54.79149868,71.8908008,70.69532249,58.69255215,114.9097883
01/07/01,83.37528739,171.2131133,66.85668142,77.82403088,66.04892921,36.07976389,74.92343195,58.05077577,119.5249794
01/08/01,85.75595545,169.8966035,67.76937409,89.13097357,61.416704,43.38186334,82.86967012,56.94291748,112.9017028
01/09/01,86.01350308,163.7221503,63.34921664,87.15803293,64.50241043,48.54787431,58.62974175,49.9790252,96.60658071
01/10/01,83.14108258,159.8568928,67.16961937,75.35030978,71.22804671,43.00025707,76.17633953,55.60923177,105.5725704
01/11/01,80.47502112,162.0805617,63.95203699,71.02102637,80.95606199,55.71031894,64.26841764,54.33332661,99.33700543
01/12/01,79.57085336,171.843591,65.50845184,77.93873812,78.08537861,86.92655487,57.73879632,53.87645282,93.89176283
01/01/02,81.31547625,171.9581722,61.58246027,69.10595089,70.11058936,124.5365286,69.97648996,50.66978159,117.5031711
01/02/02,77.78718476,149.714989,62.4640188,75.16184994,57.56066084,128.5111467,70.87424889,49.15681213,85.60332825
01/03/02,78.34761326,164.6314131,58.25260983,66.70344839,66.73305251,132.4338333,64.84785491,53.96506412,91.13971611
01/04/02,83.13996745,161.1361457,62.13257336,71.82332422,69.41979605,133.8525533,73.30031328,59.84505707,95.6227966
01/05/02,80.69653996,163.9662709,68.35771283,67.60721887,73.08754399,87.01557444,64.07729301,62.78025217,105.2805782
01/06/02,79.33093288,160.1258263,61.14502785,66.51645723,77.24393651,45.04998961,66.24769416,56.80488357,99.47296933
01/07/02,82.45076151,164.0038381,65.31097082,70.5875431,89.96699064,35.74085427,79.3083532,59.55646354,120.7772212
01/08/02,84.59824391,166.7323639,64.46330822,80.60650958,83.75034491,37.23056412,84.15674119,59.37714816,112.7121478
01/09/02,84.92073892,158.4757233,61.83260066,81.6724435,87.47846921,49.88451488,58.29922591,52.34738352,96.01678069
01/10/02,85.55122846,168.1251792,66.02944438,72.46480906,97.50148245,44.13118615,75.2221371,58.8667271,123.2413279
01/11/02,81.10307431,153.8717256,63.55622138,68.04352859,103.4324383,51.89727001,66.42847982,53.51163355,93.08848099
01/12/02,80.52266333,167.7490889,62.50277896,75.24693745,98.50557975,88.48687489,59.71970097,52.474656,78.376211
01/01/03,80.86180511,172.5389631,56.56409784,71.20867885,84.11931035,122.2407467,68.4854403,51.37112577,103.9492344
01/02/03,80.4519383,155.2134001,56.00809434,80.85850727,70.04369973,131.3989138,70.48588179,48.70108026,81.70000817
01/03/03,82.96623824,171.3638108,62.69395283,74.40306763,79.6966495,140.327604,73.92494629,57.29118009,93.18627035
01/04/03,81.70936839,163.8450857,60.97989529,74.75444659,72.05163679,126.2802731,69.3419721,57.6982036,75.40050207
01/05/03,81.98016902,171.1116345,64.19661188,70.11908651,73.03898054,92.37353426,61.92482823,64.66188181,98.76820915
01/06/03,81.68685131,168.7914115,61.29322047,70.36283723,77.9963854,49.36432669,60.57649525,58.64142112,108.954611
01/07/03,83.63632812,174.6643789,62.95518782,74.40262146,88.680426,41.8010953,74.93987924,61.40133426,117.0050253
01/08/03,83.77584863,175.9147638,61.75163111,80.81800686,74.32912887,40.25020585,78.40324568,57.79526892,95.97791673
01/09/03,85.20171087,169.3989608,58.77154274,79.65102748,78.79601731,49.46834012,57.18991062,55.47762687,90.20369937
01/10/03,85.74361049,174.4668682,64.01372258,74.67784627,85.04092653,46.59522998,74.23808874,59.77077856,106.516523
01/11/03,79.47190848,167.640794,63.03333115,66.47446989,89.23783664,50.44187326,65.73484515,56.20045945,99.42274284
01/12/03,83.00385354,176.6643319,64.31366149,75.94945787,89.6628732,95.91377856,61.60928406,55.52542053,92.8263046
01/01/04,83.35832134,176.7460028,63.4380456,81.28840599,73.44336379,123.2316053,70.45998484,52.01038078,104.4229523
01/02/04,82.12496056,162.5070343,64.03238387,81.44571919,68.25387888,130.7402667,68.27739939,52.12176022,93.09739526
01/03/04,88.32537033,174.1067499,66.95972376,85.61734193,74.56627558,147.2385223,73.27169159,61.35639192,108.9276268
01/04/04,85.65766858,171.6274119,63.48882057,83.78290077,69.11957409,127.5333857,67.11978533,63.4204704,79.01180083
01/05/04,84.4553295,175.5551032,66.44370708,77.82820047,72.97002726,93.59304674,65.6214366,65.6648884,102.3923744
01/06/04,85.82727524,172.0499141,64.42891096,77.75806963,77.81391977,54.35247146,63.83666729,64.23897713,115.0071877
01/07/04,85.90137381,174.1715261,59.84168291,77.47961351,92.7346363,41.44560293,78.19074766,66.11499418,102.6528341
01/08/04,86.58643761,173.3774747,63.61275563,78.97236002,87.63434723,40.27282985,85.27539214,65.08438719,92.54795437
01/09/04,88.62109659,171.5434462,61.63417092,83.00299252,89.98726156,53.77340196,66.35283852,59.67571563,89.33270012
01/10/04,87.84967633,178.2244758,61.90330335,77.17101662,100.6915544,44.55821666,76.3692824,63.63191045,96.88503184
01/11/04,83.92557851,167.9841325,62.62302229,73.48813006,99.85988456,56.70046475,76.44407156,61.30631701,99.13668828
01/12/04,85.68738399,166.5451238,66.64957,79.56549926,107.2454955,121.044543,67.11828737,62.02950659,89.56612407
01/01/05,84.62924495,174.731689,69.24530957,79.20275182,92.24930593,135.8576393,73.71559968,56.07891763,93.15038582
01/02/05,83.56803868,157.5145457,64.48950915,82.32231441,75.53387958,134.5930017,76.95627464,57.79096441,97.04191391
01/03/05,86.32238514,169.6423155,69.61461405,84.5719614,80.09792087,140.9934011,69.73311592,65.05721397,92.23897956
01/04/05,89.60355454,171.8276649,70.60445167,87.01962093,76.11347981,137.7688473,72.62816601,69.77689964,82.64230877
01/05/05,87.30251814,179.3607938,71.61020503,79.23119446,82.32905399,107.6331556,68.22094775,72.35122173,91.31996277
01/06/05,86.65518344,173.5013259,69.35599781,78.85914892,81.81587422,59.23715192,66.9547609,70.78639551,99.27436978
01/07/05,84.9353557,161.7689497,67.31588024,78.80584567,97.83649844,41.66632727,72.25714862,70.39524642,91.77621642
01/08/05,89.32357817,178.2218675,69.78864558,81.95176091,87.74531637,50.99371513,86.06620004,69.01492554,99.57964911
01/09/05,91.00856142,170.0680188,64.20126201,85.57599168,94.33835773,58.48188253,73.95134637,65.06602603,86.54986965
01/10/05,90.45467779,168.6075144,69.04911233,80.38599808,102.0898359,50.97891376,84.46556227,68.75997746,96.47956436
01/11/05,88.15693852,167.5605092,69.47503835,80.06943253,100.2516611,60.25976206,77.55197771,65.66399835,97.19541252
01/12/05,89.74718818,176.43816,69.9965657,87.30141837,113.6827974,99.7292656,69.67697818,64.72218439,87.62126147
01/01/06,89.18152447,177.8078089,72.24643338,80.08382968,96.31139752,135.583014,66.33754896,59.3818075,94.21844452
01/02/06,86.81498225,157.7169944,67.86698886,84.53475954,86.66494036,135.8058356,77.25498012,59.65024317,87.49440612
01/03/06,94.58626255,176.7433797,71.11978645,94.08759282,83.71038975,143.7213392,79.4002545,68.85850493,99.12061377
01/04/06,90.31504863,171.9811393,64.70578874,92.83008324,78.06314928,126.6826027,71.69887783,71.03265249,74.49414219
01/05/06,93.23119958,176.1029896,67.23364292,88.53521078,82.62152359,99.29673813,76.06232258,78.57386769,100.9046243
01/06/06,92.53142809,168.6788979,62.41950904,84.39933275,93.48830837,58.10927998,71.24120693,72.60258478,102.6194108
01/07/06,91.96653854,171.6332485,61.46129881,89.58994412,101.4302323,47.74236047,83.64166177,75.97748167,99.76395392
01/08/06,94.74865057,172.7481941,66.94330154,97.1929312,85.74141954,55.29481011,86.07981721,74.58144694,95.6587482
01/09/06,95.0100061,167.6560329,67.36277178,100.4062367,90.56081051,55.62068572,73.81652307,70.37774559,92.83930595
01/10/06,95.36485814,169.0024873,71.12694321,94.67858108,101.7013589,51.75592468,88.04262874,74.18020472,101.8364598
01/11/06,91.50069125,162.5056511,71.24641271,90.51398006,99.89138627,55.10544987,85.12597303,70.19989294,98.52695086
01/12/06,89.57512172,159.0096928,72.35354726,97.98305385,108.9347102,103.3500292,69.47853184,65.87912098,96.88700016
01/01/07,90.7300417,169.3423572,77.58841755,85.25666925,98.37453846,124.9670605,82.81160586,63.74020174,87.73050397
01/02/07,88.54108348,152.945163,74.56067422,91.99518332,87.34648458,129.0653684,80.50614736,60.27796941,92.41756087
01/03/07,96.31077047,171.224869,80.77057198,97.43744164,85.19118074,147.3092364,93.77192602,74.5766717,91.5667969
01/04/07,92.41451845,165.4614847,75.8992947,95.55114121,83.80307615,136.7275036,79.19043555,73.0408545,67.25746003
01/05/07,94.32674777,167.5901607,78.55446145,90.94665924,87.0288264,112.4270328,90.66096236,81.4880593,101.9191271
01/06/07,93.12662769,167.6747231,74.283002,83.6721444,97.69131309,61.47174202,86.25738523,76.57071653,108.0993011
01/07/07,93.41400731,171.1105108,74.90964618,91.89420712,104.2718084,45.89783645,92.24896063,79.12028151,107.5893977
01/08/07,94.691892,154.0907133,70.57975859,95.8915551,97.08197695,55.34144236,103.8663512,77.60823277,97.15309836
01/09/07,94.8368278,163.6790559,69.85464642,101.7199617,107.6040997,54.09235478,74.33424126,68.54852318,80.20887868
01/10/07,97.33186721,161.7180294,72.25795567,99.24190031,123.350388,54.88556345,96.5828778,77.72725184,75.92979589
01/11/07,91.26077458,151.1193975,71.64901591,95.02804141,125.5522434,64.37595549,83.8829087,70.70066457,86.08194857
01/12/07,90.48571572,159.11274,71.57319248,105.5292733,133.6227706,85.38890042,77.83614308,70.00841688,68.52915898
01/01/08,91.56833215,160.8243213,71.20084226,90.87616524,124.2293411,149.4906632,90.85055024,64.90227511,79.2429777
01/02/08,91.90305509,149.2004725,71.37870577,99.22219233,112.4966367,146.919552,97.92300843,67.56578896,92.25542783
01/03/08,91.02402862,156.2676207,73.90940576,95.5317196,108.9307656,150.6460849,88.98329676,75.10591505,84.65508319
01/04/08,96.10237015,147.0215406,75.90770766,103.5657729,113.4992784,150.3742058,95.55724469,77.96996827,104.0388918
01/05/08,93.17716037,154.2543312,73.33491249,99.74547653,111.5941198,111.5501592,83.85517563,80.76698785,93.4882908
01/06/08,93.02670421,152.1703902,68.87534793,92.63449408,140.1713295,55.27459398,83.81849757,76.76145105,95.81179527
01/07/08,93.61330675,154.1528963,71.26424337,99.55181759,137.4047851,48.71221778,96.81154586,79.14394142,103.3146842
01/08/08,92.53074981,153.0559634,71.12547093,94.99259755,115.465123,51.16647925,107.6939239,77.72290618,97.03015772
01/09/08,93.30737522,146.8019441,68.66029706,97.81022862,121.234772,56.05363613,79.14242824,71.2526714,95.46887675
01/10/08,96.12754502,153.8118043,73.27454128,98.1575511,138.1412521,58.17516826,88.04341071,75.96420426,108.609664
01/11/08,87.9917121,146.6543617,72.31235237,89.9108082,135.8122465,64.19214266,80.8165566,72.29413703,109.7931825
01/12/08,87.71339149,151.951275,70.17417444,97.09342975,142.9961763,103.8145014,65.24881754,72.25373171,95.2356144
01/01/09,82.68867026,151.4889977,69.28820353,83.92644184,131.8466295,136.9312493,82.11213322,65.45887275,78.54689848
01/02/09,79.79178522,135.7200824,65.27477305,80.12118352,133.5951651,144.9007889,86.61643516,64.78156948,87.28276635
01/03/09,84.7090615,149.8010282,72.51096229,83.85754685,127.835877,155.2049052,92.44778304,77.15863676,81.10519365
01/04/09,83.45495481,144.5388398,68.2246416,86.20322741,124.5936095,126.7466148,81.77861968,79.03320624,63.07721785
01/05/09,82.5476053,148.2625876,72.23836504,86.26618345,126.6385679,66.07753088,78.84532278,80.64358816,73.20061934
01/06/09,82.61776208,139.4449379,72.93664781,80.07004067,140.3618489,44.7459058,78.61725372,78.62466255,90.71514108
01/07/09,86.51200543,145.9171908,71.69698817,88.73214292,137.6448319,47.13661164,89.73550572,79.76485865,102.523442
01/08/09,84.83793999,145.0035321,67.46754212,85.78889564,120.5956822,47.34216361,90.42920425,80.08105054,98.92830105
01/09/09,87.49064756,143.0260944,68.20673537,91.46696178,122.4439112,49.98087417,77.40394943,74.00200919,101.250873
01/10/09,89.96503147,148.2237337,72.37232792,85.01266935,144.9888058,54.62078736,93.00123504,77.10250255,124.7598517
01/11/09,86.44499958,140.3251333,71.3929369,83.17776238,135.7315332,69.03402919,80.11982417,73.18111348,117.5865704
01/12/09,87.31110417,146.5423625,73.10056506,93.7412653,124.4586193,100.6090989,74.68490072,72.29934483,90.69339262
01/01/10,85.26868943,149.4688085,74.14086334,91.83667202,118.4491026,127.9680808,77.7022808,62.10751706,49.6453679
01/02/10,83.1106961,134.4434963,73.04059913,83.07261727,116.5073576,118.7099213,81.65797427,62.94177395,71.7034143
01/03/10,90.95992642,148.1027535,81.31543253,83.90385734,123.2791843,152.8008189,86.11411464,76.26298622,77.51634442
01/04/10,89.38791132,143.0995123,80.0679508,93.31328892,121.0001283,134.6088404,77.81113281,75.4229364,65.90423784
01/05/10,88.35188355,148.1700598,82.05393639,80.29129377,126.9218744,87.85176419,76.96278473,82.29962715,87.22186935
01/06/10,89.1757153,141.3072969,78.64084294,78.85717483,131.6854144,54.08477435,81.62532667,82.81398404,95.33649436
01/07/10,90.32825876,147.3643299,75.82862808,85.76321622,137.2593111,48.09741126,97.32097744,81.2680232,111.5159957
01/08/10,89.87150839,146.9195891,79.41935482,81.05529651,123.6424157,49.53827006,93.96579023,79.29998645,101.7432406
01/09/10,90.23005611,142.5502713,81.42014772,83.86363364,133.7946382,48.98442628,76.11933427,75.65424437,83.35841577
01/10/10,91.60926507,147.2631362,81.43222131,85.22260858,154.5080464,55.20839519,86.49439284,76.76985866,106.8897216
01/11/10,88.71394628,139.2765456,81.72549038,82.73198413,154.3338644,77.11050077,82.89480291,76.97975778,116.2229135
01/12/10,89.23331527,146.4422743,82.8169463,90.65830153,143.0606464,114.4936136,75.89954071,73.86368564,97.83201706
01/01/11,86.77164898,148.5936277,79.23552562,83.57752526,124.09893,142.2760084,82.04055812,68.62457351,50.57570653
01/02/11,85.14393197,132.4480598,76.78872903,82.20748638,116.804704,142.5812421,84.24423548,68.72964662,57.6195923
01/03/11,92.86309603,147.4124773,85.12756611,78.73767797,124.9106781,153.8941996,88.60379305,84.53792508,69.77674754
01/04/11,89.34627915,142.4869668,86.35342706,88.06639883,117.4491335,126.1918449,81.66844084,83.13559045,55.40754587
01/05/11,90.93499198,146.4100876,89.08584794,85.6085348,125.8609571,71.36881748,87.91121215,89.27468519,82.17407023
01/06/11,92.37953154,141.2156202,88.56065446,87.57553404,138.6154276,49.366073,82.72614752,88.50655712,83.10979607
01/07/11,92.78750927,145.069189,84.22589692,91.24824379,140.6001765,47.05316505,93.55668887,83.43308445,77.44211922
01/08/11,93.50423064,145.6197618,85.02043877,91.25614098,129.1179578,48.39648601,99.5369597,84.40332883,95.68494726
01/09/11,92.64526238,137.4894905,88.27765384,88.0290936,139.2586284,48.70513148,82.46741822,78.75527363,76.60714559
01/10/11,95.4505821,145.1388638,91.25719055,91.61025311,157.829245,52.90248858,89.86873796,82.57114827,86.01864896
01/11/11,94.53386353,139.0018427,89.06567563,97.08273139,157.6085415,67.63358118,90.14980858,81.49717737,80.44355367
01/12/11,93.42264634,144.740672,89.11071173,98.9705592,153.7915832,110.1002569,78.92723269,77.71896854,40.96500619
01/01/12,91.19014382,144.2237521,93.99293285,84.1090683,124.8112553,140.878546,82.9735138,71.65227288,57.74618178
01/02/12,91.71160573,135.9348506,92.40262354,91.06633309,116.7464815,131.600866,87.04223687,71.85365327,73.01591094
01/03/12,96.98154265,145.5762039,99.11654992,87.00064715,122.9382632,152.6528809,89.10566017,86.61863461,81.04204673
01/04/12,93.29155066,140.1460144,94.74600056,93.94152855,115.6218175,122.0048567,79.84019025,84.43495559,55.54755783
01/05/12,96.23191692,144.9815192,99.55654455,91.53075452,130.5236777,86.67327024,86.38820202,91.83716293,66.91131795
01/06/12,95.50055473,140.4126328,96.64856353,82.63938949,139.0081885,55.27018216,80.31321564,90.35650317,72.55727509
01/07/12,97.43665932,144.0727073,94.05425373,96.89130954,145.0119443,47.03387846,93.34177861,88.02513103,69.68622915
01/08/12,96.31999139,145.2497657,92.85404225,89.4633118,136.2827862,51.45927275,97.46265169,85.5004211,77.42893068
01/09/12,95.15777232,139.946917,91.9037588,92.94114019,140.7970978,50.20742863,79.46595862,79.63079797,70.41923405
01/10/12,97.71029077,143.2687623,95.03654703,90.34550592,160.4587136,54.90738402,88.80971346,83.32160046,78.1567942
01/11/12,95.51556326,141.2275646,92.90196225,95.07105759,155.391716,85.549876,88.70156278,82.38987929,87.33140432
01/12/12,91.96844852,144.7160301,91.07405841,90.46628652,150.4584511,132.8700872,80.55509866,78.75675469,63.716561
01/01/13,91.79582904,146.1949221,102.4338628,81.27530229,126.5137776,147.5253124,84.38543996,75.51339292,67.08895583
01/02/13,90.79608372,131.3529329,98.43582544,93.87951347,118.4283802,148.5943861,86.37713975,75.85016252,44.48044196
01/03/13,92.46167433,143.3369433,102.5868344,83.59267936,118.0753516,155.966129,91.35006387,82.91819937,56.44093881
01/04/13,95.21761574,138.3878149,101.7414389,88.61054128,123.8191773,151.2817426,86.35435781,88.20539216,62.42247471
01/05/13,96.75134087,142.7034971,103.3142328,92.5912914,132.1856391,123.9930958,91.0448576,90.07273742,69.00267299
01/06/13,93.30020807,138.6169615,97.46102927,79.1691979,137.0244682,72.36416932,87.9785279,85.87238985,68.34493989
01/07/13,96.41585972,141.3162769,95.48586027,85.4915161,153.4271398,53.64894286,98.07964517,87.50678285,82.01190571
01/08/13,96.17924678,142.8288473,95.1655464,87.74581498,135.0259003,51.94085186,101.1049124,88.97181468,95.92488134
01/09/13,93.22410448,138.8176284,91.67947547,88.53828993,138.6294999,49.95866412,82.07974151,75.36048743,92.35551716
01/10/13,99.12874586,144.3185724,96.43314002,89.88428159,159.7280014,56.42227434,90.63188603,85.01095503,93.8999163
01/11/13,95.10001835,138.2617038,100.3389151,89.58838353,164.5750627,67.8550138,88.85176129,81.26437506,95.18946384
01/12/13,92.64462083,142.8095707,104.3028876,93.01662429,166.1591747,112.8985066,78.9448507,76.55191253,71.84586474
01/01/14,92.33587571,143.8633681,93.8478439,75.94141926,126.259173,132.396318,85.90490737,75.07251002,54.41084063
01/02/14,91.37662677,129.7724401,91.86654612,92.42086568,118.6291782,141.1646396,89.38864539,71.56014052,62.50177831
01/03/14,98.47608868,142.3322971,102.0480171,90.21351815,113.7541976,153.4141406,94.21963877,86.24608396,64.05249787
01/04/14,96.51066654,137.690925,99.71211074,93.82429133,121.9478834,144.0873323,87.93058471,90.89993719,58.70668358
01/05/14,99.02653104,142.9841989,104.1339971,91.96922168,127.4529884,109.3826368,94.51513433,94.29331901,73.16831252
01/06/14,97.56548115,136.0224004,99.87046141,88.05815139,127.9703169,66.4429227,87.51409702,90.19086068,71.90346855
01/07/14,99.59899263,137.8546755,99.85614807,88.53197952,137.9727769,52.41432232,99.49979092,91.90670222,82.04555806
01/08/14,97.29278728,139.3235505,99.50245158,89.41227533,135.8905624,50.22674873,95.9510896,90.12792344,91.24989367
01/09/14,97.16838338,133.2899211,97.32334947,91.04912475,144.1017095,48.92202872,81.98685659,82.02722146,92.60757427
01/10/14,102.7850692,136.3705926,100.9025056,96.61796663,156.2459853,52.20882778,90.30077687,86.01554999,92.04577133
01/11/14,97.5611805,131.7945453,99.79381029,93.17513603,166.3914209,77.01595395,91.35103919,80.76229569,88.40514145
01/12/14,96.24916011,135.6399802,102.9072746,97.14430823,164.1173237,124.2277669,82.71326124,83.06250148,91.71079974
01/01/15,94.17574678,131.9441467,99.7143779,80.44200537,132.7232205,133.133946,87.85136846,76.94181083,50.07316849
01/02/15,94.12342805,122.6986571,97.71590965,88.79456798,121.3082539,139.2105592,92.16011333,73.33035009,65.27859
01/03/15,99.69313282,135.0177652,99.297186,87.57394037,116.2060991,138.1031423,96.71068112,85.84034641,67.69800909
01/04/15,97.79311575,123.3664405,96.16539015,98.77612552,115.0541388,137.4104417,88.93049671,89.82885274,63.39460572
01/05/15,98.36217567,128.9923926,99.57867842,92.98729476,122.0052584,107.3847317,92.22663495,94.70799996,73.89424449
01/06/15,98.93305302,126.3845712,101.0332538,87.23814811,134.1785493,68.48726071,90.16606603,89.87260637,75.02680256
01/07/15,101.7562193,131.7356789,98.14603343,100.5027175,142.4923167,54.95482826,102.4193261,93.88585385,98.68043356
01/08/15,100.5277903,130.871343,101.411145,97.75898751,137.6770498,53.09144628,100.2147753,94.46711334,91.89349883
01/09/15,101.7697728,127.865512,100.297162,106.2957808,140.3043537,52.22894309,84.32723316,89.20621525,111.5535159
01/10/15,103.5438435,132.2618365,101.8104399,89.99153616,154.1312995,55.18283925,89.96354323,91.31495805,112.4016462
01/11/15,98.67837154,127.4261948,95.8367551,94.36190961,154.383983,75.50469641,91.25834325,87.48925323,112.7256741
01/12/15,97.814166,130.9537147,98.06495275,99.65231299,157.4769495,120.1211454,86.62930918,88.58467218,106.3554987
01/01/16,95.46271015,130.9240499,98.44153539,86.05457135,124.0786783,140.9190127,90.03512257,80.2246585,60.24782108
01/02/16,96.98683636,120.2699729,99.69664137,95.58422308,119.5404698,150.4269766,103.460029,80.89364109,86.23012376
01/03/16,98.70810007,128.4863857,99.75436995,91.81004718,117.8392856,152.4631065,101.8805077,91.45073006,82.44318179
01/04/16,100.2903421,121.7716236,104.7869807,102.4302556,111.076237,154.1325043,103.9247859,95.04696027,95.28091203
01/05/16,99.51928521,125.6438048,107.0665802,97.78445461,120.6360252,109.5943322,97.96110871,98.11396143,101.9724947
01/06/16,99.96399759,121.968189,102.6244949,93.55407747,120.9819278,64.88243043,92.98345629,95.45496226,103.7674798
01/07/16,99.3289615,124.4269769,105.0491176,97.28865027,118.6009534,50.60134159,103.1013143,94.71347653,107.3287839
01/08/16,101.1374881,123.1362706,101.6447905,95.97494367,115.0204926,55.65836305,109.0543221,100.5771729,122.5892779
01/09/16,99.12812057,117.2065783,104.9390728,101.6991604,119.432577,52.35860292,91.8904004,92.26491795,110.4152162
01/10/16,101.4063077,120.6531528,107.5414216,96.36133207,132.7887352,57.43642363,92.23889823,96.26637057,114.6514813
01/11/16,101.0198739,114.7741064,101.9229897,107.2429249,129.9880005,79.53179938,103.9662257,91.94515793,110.8114989
01/12/16,97.60992518,115.9954358,104.7039701,101.2923236,142.1260899,120.8535918,97.38619444,92.61487234,107.1214954
01/01/17,97.14578844,116.2832198,102.2401457,89.23993608,114.0502075,149.3256211,108.9358854,85.61079641,62.41244679
01/02/17,96.20280578,104.5587381,96.16707616,97.3629832,106.5907128,146.3359879,108.6287446,81.17080071,89.02935547
01/03/17,104.7545909,115.9510515,105.4434759,97.8801385,106.7966478,163.742809,108.9864293,94.59014541,85.03384785
01/04/17,96.81647403,111.3786835,104.6741584,93.21215607,97.7443089,145.1011679,98.45144548,96.29919791,101.0253609
01/05/17,101.4767953,115.1685746,106.761057,95.64581903,100.9449675,105.0174074,107.2844726,100.8277782,100.9635527
01/06/17,101.297342,110.7707693,104.410954,97.02401444,98.93965717,61.22195426,96.92676388,102.6858829,98.25565869
01/07/17,99.46469742,113.0483422,102.7902411,97.19161379,107.4434982,48.63908478,105.4875751,100.7307618,101.666456
01/08/17,102.6205241,109.3331704,102.7062848,98.58893543,104.2915337,55.18936002,111.614047,103.7013243,116.5668318
01/09/17,98.51502388,94.65437789,101.388563,107.7659656,101.8605494,53.23425703,86.91013915,94.48567251,103.6440551
01/10/17,101.9193616,107.0975519,104.6336953,97.7998674,126.2601122,55.64519855,95.32706267,98.97880134,110.1161554
01/11/17,100.6786997,101.5077077,102.5351077,99.39254691,123.3513119,76.08036402,104.5373515,100.0632427,109.9248747
01/12/17,97.12422043,104.8833893,102.024624,110.0775542,131.4358178,132.3197918,93.5373767,93.86623578,105.3152442
01/01/18,97.66454063,108.3953353,102.6428368,94.36147039,101.5332462,152.7897981,103.0735583,89.60682755,61.10853244
01/02/18,96.13803397,95.67011061,95.66900916,103.9534052,97.61464957,146.1137338,105.8426468,83.37781064,87.49051841
01/03/18,100.1403584,103.8589094,104.5790453,95.38697447,99.35123309,160.4141111,103.2020035,100.7121169,83.04141608
01/04/18,99.70728742,101.8657417,104.6860102,102.8565936,93.68687715,148.2442043,101.098365,103.7914667,99.54957048
01/05/18,102.4463459,104.0987026,104.9018002,100.3694189,99.47563102,107.8424696,102.1291076,109.5708767,98.54138948
01/06/18,101.5326127,99.69128632,99.49787028,98.48472076,97.93093155,63.65863309,92.93648571,105.5810073,106.2154586
01/07/18,101.249069,102.6362249,98.6950872,102.7312184,100.2582759,52.80416015,106.0559745,105.7015911,105.724595
01/08/18,103.2322764,100.9392988,97.97700492,95.25785849,96.66656893,60.27953763,107.5119079,107.9847609,121.4788244
01/09/18,100.1650089,98.12435823,96.51663725,104.5576766,95.3498751,55.35260058,88.9911277,97.07137543,104.8250174
01/10/18,103.0754446,97.73791199,99.84172798,99.92801461,108.4503942,57.80957141,98.92222086,102.3707403,111.9218879
01/11/18,99.69429698,91.69260469,97.17171065,94.91503844,104.9302178,69.64107627,99.34343314,99.91378948,112.4019039
01/12/18,94.95472512,95.28951549,97.82126011,107.1976102,104.7520995,125.0501039,90.89316895,94.317637,107.7008862
01/01/19,97.64560735,90.7181725,95.96218782,101.5232644,88.67301348,156.1121413,103.1881694,93.570329,62.68653616
01/02/19,95.3678711,85.49346543,88.34539344,101.0733701,89.17839465,156.0019996,107.9480056,89.80777289,90.29782003
01/03/19,101.1721562,93.92829802,97.05886865,99.18480163,89.32569368,161.3497327,106.0052485,102.4246805,101.1911418
01/04/19,98.37516817,90.05413506,95.64278506,103.7579204,83.41452245,153.8104132,98.14531407,103.1949763,116.9752864
01/05/19,100.6247588,92.00103446,93.82383822,96.96512792,87.41815066,127.5996803,103.7854423,109.9254596,99.61754507
01/06/19,99.4736459,89.83132097,95.13160501,97.17513978,86.64655852,64.44957375,94.74510079,110.8825849,102.4560968
01/07/19,100.3375752,93.18275645,97.25652499,96.76420082,86.38939511,53.39777653,110.799144,112.2657655,109.2640683
01/08/19,101.4255008,93.79443153,96.74177576,96.28080457,91.2187572,59.99259693,115.7576899,108.72382,124.186027
01/09/19,97.79796764,91.98581027,93.42148596,93.52336993,88.99474664,55.01449666,93.65808843,102.3262625,109.5028965
01/10/19,99.13764299,92.62050278,97.98388195,91.16305443,89.62556328,60.34344341,99.82867846,108.1407045,116.3951102
01/11/19,96.96700804,91.69406286,98.91745687,98.69666172,88.55542157,72.60216113,100.5756012,99.93558885,114.1293502
01/12/19,92.45529233,95.28776312,99.29680814,101.1484073,93.68658376,113.3961916,86.53005099,96.97340748,109.8837377
01/01/20,96.46322771,96.3515841,104.634572,92.02334125,79.54782791,148.871278,97.69102905,93.05002839,57.15132101
01/02/20,93.89776494,90.27290932,98.1605859,88.21933824,80.58206112,149.0271896,105.283892,88.40273739,85.3697243
01/03/20,96.18965108,96.75479622,100.9899464,91.48908235,80.81073679,166.6808648,104.8140052,100.2332071,79.08506404
01/04/20,69.23847837,93.14413784,76.86769447,53.55641758,78.60864215,131.4243027,99.0544392,78.25987375,8.727103187
01/05/20,69.64873146,91.16023605,74.72264627,56.98126191,70.73498198,94.84392068,97.38781177,81.62235042,5.788260831
01/06/20,85.04623929,87.99339161,93.49572614,68.59354178,68.04171109,62.98600904,94.12342109,102.8796148,46.00702821
01/07/20,89.6629446,90.91379624,104.0962716,70.76103881,69.50152397,53.47078192,109.0577304,109.9664714,110.1307531
01/08/20,93.47886678,93.06887915,105.0740009,84.37310402,73.91948535,50.80161704,102.3366537,107.8998495,137.7919482
01/09/20,93.74205372,90.45134264,103.0789368,77.03393378,77.76289181,54.68640869,86.84405079,103.6396404,120.7780341
01/10/20,97.50829125,92.82348524,110.8899385,81.79953651,82.84292857,62.50779341,94.92322632,108.5710958,116.4452227
01/11/20,95.14094434,89.66350071,107.0809466,94.02712448,77.17999678,76.50455759,94.21148653,104.1537347,115.5978947
01/12/20,92.95221344,93.89897486,109.1220876,90.19585999,75.35552702,117.4027091,94.61738715,100.7678082,80.01044484
01/01/21,92.18864671,93.9349149,103.4879683,84.14498941,67.85299457,133.0402641,101.9181716,92.78490622,66.80699824
01/02/21,89.14786713,85.67867511,99.88654899,86.41953379,71.03001167,127.7632663,103.200083,84.39202388,87.66396432
01/03/21,99.4443475,96.33118957,103.0454822,86.64601609,80.25357835,134.3075168,107.0035596,103.8870391,89.61428075
01/04/21,94.0711305,92.80986405,100.5241144,91.7924561,76.4669569,115.638647,100.1997724,104.96448,79.88435581
01/05/21,94.9980249,95.95592279,102.6586279,92.48592717,76.04291266,81.19579714,102.6945639,108.8417409,84.92186141
01/06/21,95.18267975,93.62362128,101.0479793,79.81089313,69.68893224,66.20186024,99.52307164,112.567301,80.87787758
01/07/21,96.01027662,96.77266789,101.793079,85.66151701,76.22140673,62.30085133,113.6076264,111.571165,117.5202906
01/08/21,98.99850479,95.52623675,101.5534167,96.69751858,82.03531206,207.1223858,110.830225,110.444087,141.7826725
01/09/21,94.10839172,95.07068946,101.9726341,88.20832302,88.88361018,62.59979319,95.50083634,106.9493896,129.7319016
01/10/21,97.51463015,97.6842394,105.8398859,86.78208943,93.18139773,67.15926501,96.93563116,109.1541333,121.7645131
01/11/21,96.79315194,94.9119152,104.4103466,91.95649827,92.99059374,80.24851489,100.5303529,108.9171593,128.7551086
01/12/21,96.10392642,98.10215802,105.5928275,91.14757652,91.0454798,116.032776,96.04342447,106.6448703,83.18607185
01/01/22,96.65651729,99.36909052,106.8207572,85.9997502,86.66788914,127.4752013,105.2725859,100.1692452,61.72799782
01/02/22,94.31922538,88.93499456,103.2762442,86.64075175,82.13069329,127.3380305,109.1581559,94.91378146,100.0808184
01/03/22,104.0979933,99.83957386,110.2199082,95.47529107,89.73793967,145.5933186,117.3402858,110.5179375,91.09846722
01/04/22,98.61459997,95.95767645,104.9539297,97.61560723,80.49772403,133.3325226,107.3374217,110.0148376,101.0262107
01/05/22,100.6771917,99.73419664,107.8008555,93.5289975,77.53699473,102.5836947,109.9066962,117.6802621,94.96722611
01/06/22,100.0860041,97.06516183,106.8742802,80.28673372,75.17750255,76.24129354,103.0201236,117.5785667,89.8714652
01/07/22,100.3862626,100.6616016,108.0665383,86.51421269,82.62545163,71.0933577,112.8192908,118.9991053,127.9412705
01/08/22,104.5223895,100.1850146,108.1659142,91.01212875,87.49375181,115.7858118,120.1608514,119.4434369,152.105545
01/09/22,100.3042762,97.08650643,106.2685759,83.53213152,91.64434958,140.3189707,99.56425845,112.2573543,132.2816889
01/10/22,102.5112282,100.6211554,110.5586045,86.87126118,85.41597394,69.63311685,100.6917461,115.9316761,122.0277876
01/11/22,102.2592124,97.92421451,109.8288871,93.30443999,97.78407841,91.01530747,103.909627,110.6650898,136.7270955
01/12/22,100.3949025,100.5033816,111.7809127,91.42128268,101.899843,117.1897912,98.89286237,110.0084091,83.10180688
01/01/23,100.1818291,103.1073298,108.4597806,88.42157956,94.75129814,128.9266565,107.6717202,98.67523922,75.56826573
01/02/23,96.75509251,92.99865563,104.9313992,84.12897689,101.0005993,122.5681225,106.4449336,95.29172698,99.93686757
01/03/23,106.7239903,103.5049077,108.742845,96.34777873,116.272609,130.0351769,115.0168836,106.9394376,88.65579052
01/04/23,100.1205484,101.5312385,105.2790074,92.31007783,132.8903894,114.1443846,100.293078,105.2518954,100.1698908
01/05/23,105.8740603,104.2852815,107.0237549,98.90447905,158.9887179,90.11009141,102.1642801,113.3441445,86.11730061
01/06/23,105.2223177,100.6774795,103.6585811,85.21246974,181.6334361,73.01342024,96.55842796,112.4044062,88.37354855
01/07/23,104.8460374,102.2098545,105.2628839,92.47915793,190.4333184,71.07342649,111.1709658,108.1558261,124.741342
01/08/23,109.3694441,103.446004,104.4939929,95.23914184,245.3425766,96.06667893,109.5190699,111.7984313,121.2776392
01/09/23,104.2976582,99.76362061,102.5247037,93.56088095,149.1952952,104.1700074,96.65540054,108.0913164,141.0196449
01/10/23,108.1856886,102.3308245,106.1937324,104.2163112,156.2369968,69.82184938,100.1201928,111.2046006,124.5182454
01/11/23,105.2448591,99.01112071,105.3174621,101.4552872,164.1428267,79.89284364,103.8407492,108.8835204,121.1623824
01/12/23,100.413346,100.7587728,106.3348634,97.52370351,165.2321789,98.14225998,98.69250017,105.3414356,82.5586236
01/01/24,102.8852465,100.5527594,108.2248341,96.88123007,145.4425583,118.0592061,102.1620196,101.569772,67.64170617
01/02/24,99.93314612,92.86424554,106.5671685,87.31875934,145.8886837,119.5772335,103.9885594,100.6614698,91.19603757